[
 {
  "text":"四川省交通运输厅",
  "state":"closed",
  "children":[{
    "text":"四川省交通运输厅道路运输管理局",
    "children":[{
      "text":"办公室"
    },{
      "text":"党委办公室"
    },{
      "text":"政策法规处"
    },{
      "text":"财务规划统计处"
    },{
      "text":"人事处"
    },{
      "text":"客运管理处"
    },{
      "text":"货运管理处"
    },{
      "text":"车辆技术维修管理处"
    },{
      "text":"驾驶员培训管理处"
    },{
      "text":"科技信息处"
    },{
      "text":"安全稽查处"
    },{
      "text":"监察审计处"
    },{
      "text":"公交出租汽车管理处"
    },{
      "text":"后勤管理处"
    }]

  }]
}]