[
  {
    "text":"根节点",
    "state":"closed",
    "children":[{
      "text":"用户信息管理",
      "children":[{
        "text":"运政协同管理系统"
      },{
        "text":"道路运输数据中心系统"
      },{
        "text":"公众门户网站后台管理系统"
      },{
        "text":"包车客运管理信息系统"
      },{
        "text":"道路运输驾驶员记分管理信息系统"
      },{
        "text":"道路运输安全事故分析系统"
      },{
        "text":"货物运价及成本监测系统"
      },{
        "text":"道路运输危货监管服务系统"
      },{
        "text":"道路运输企业服务系统"
      },{
        "text":"电子线路牌管理系统"
      },{
        "text":"大数据应用系统"
      }]

    }]
  }]