{"total":13,"rows":[
  {"userloginname":"1","userrealname":"Koi","organname":10.00,"userstatus":"P","createdate":36.50,"operation":"Large","itemid":"EST-1"},
  {"userloginname":"2","userrealname":"Dalmation","organname":12.00,"userstatus":"P","createdate":18.50,"operation":"Spotted Adult Female","itemid":"EST-10"},
  {"userloginname":"3","userrealname":"Rattlesnake","organname":12.00,"userstatus":"P","createdate":38.50,"operation":"Venomless","itemid":"EST-11"},
  {"userloginname":"4","userrealname":"Rattlesnake","organname":12.00,"userstatus":"P","createdate":26.50,"operation":"Rattleless","itemid":"EST-12"},
  {"userloginname":"5","userrealname":"Iguana","organname":12.00,"userstatus":"P","createdate":35.50,"operation":"Green Adult","itemid":"EST-13"},
  {"userloginname":"6","userrealname":"Manx","organname":12.00,"userstatus":"P","createdate":158.50,"operation":"Tailless","itemid":"EST-14"},
  {"userloginname":"7","userrealname":"Manx","organname":12.00,"userstatus":"P","createdate":83.50,"operation":"With tail","itemid":"EST-15"},
  {"userloginname":"8","userrealname":"Persian","organname":12.00,"userstatus":"P","createdate":23.50,"operation":"Adult Female","itemid":"EST-16"},
  {"userloginname":"9","userrealname":"Persian","organname":12.00,"userstatus":"P","createdate":89.50,"operation":"Adult Male","itemid":"EST-17"},
  {"userloginname":"10","userrealname":"Amazon Parrot","organname":92.00,"userstatus":"P","createdate":63.50,"operation":"Adult Male","itemid":"EST-18"},
  {"userloginname":"11","userrealname":"Koi","organname":10.00,"userstatus":"P","createdate":36.50,"operation":"Large","itemid":"EST-1"},
  {"userloginname":"12","userrealname":"Dalmation","organname":12.00,"userstatus":"P","createdate":18.50,"operation":"Spotted Adult Female","itemid":"EST-10"},
  {"userloginname":"13","userrealname":"Rattlesnake","organname":12.00,"userstatus":"P","createdate":38.50,"operation":"Venomless","itemid":"EST-11"}
]}
